Group,Idea,Product Name,Price,Essential,Notes,Link
Kitchen,,,,,,
,Big Pot,"Cuisinart 744-24 Chef's Classic Stainless Stockpot with Cover, 6-Quart,Silver",$49.95,TRUE,Very good standard pot,https://www.amazon.com/Cuisinart-744-24-Classic-Stainless-Stockpot/dp/B00008CM6I/ref=sr_1_2?crid=3M6FYXTN0UN2F&keywords=cuisinart+6qt+pot+with+lid&qid=1702318088&sprefix=cuisinart+6qt+pot+with+lid%2Caps%2C112&sr=8-2
,3qt Saucepan,"Cuisinart 6193-20 Chef's Classic Non-Stick 3-Quart Nonstick-Hard-Anodized, Saucepan w/Cover",$49.95,TRUE,This is mostly good for making rice. The size makes enough rice for one person for 3-4 days.,https://www.amazon.com/dp/B0001LO5F4?psc=1&ref=ppx_yo2ov_dt_b_product_details
,Frying Pan,"T-fal Ultimate Hard Anodized Nonstick Fry Pan 10 Inch Oven Safe 400F, Lid Safe 350F Cookware, Pots and Pans, Dishwasher Safe Black",$36.71,TRUE,Always get pots and pans that come with covers. Hard anodized is the best material because it is non-stick. Make sure to use with non-scratch utensils like wood or silicone.,https://www.amazon.com/T-fal-Ultimate-Anodized-Nonstick-Dishwasher/dp/B004WULC3I/ref=sr_1_1?crid=3QZJT28BY96X9&keywords=tfal%2B10%22%2Bpan&qid=1702231340&sprefix=tfal%2B10%2Bpan%2Caps%2C109&sr=8-1&th=1
,Knives,"Cuisinart 12-Piece Kitchen Knife Set, Advantage Color Collection with Blade Guards, Multicolored, C55-12PCER1",$30.31,TRUE,These are ceramic knives which need very little up-keep and are sharp but not dangerously sharp. This set has everything you need and comes with covers. I would highly recommend this particular set.,https://www.amazon.com/dp/B00N9HWFLS?ref=ppx_yo2ov_dt_b_product_details&th=1
,Cutting boards,"OXO Good Grips 3-Piece Plastic Everyday Cutting Board Set - Red, Green, Blue",$44.99,TRUE,"Color coded cutting boards are important to seperate between meat, chicken, and veggies. Red is for meat and chicken, green is for veggies, and blue is for fish. You can also get a cheaper brand for this and get only two of them. One for all meat and one for veggies. Ones like this.",https://www.amazon.com/OXO-Grips-3-Piece-Everyday-Cutting/dp/B07W5JN2PL/ref=sr_1_1_sspa?crid=4WQMBHDR8VHM&keywords=oxo+3+pack+cutting+boards&qid=1702133983&sprefix=oxo+3+pack+cutting+boards%2Caps%2C124&sr=8-1-spons&sp_csd=d2lkZ2V0TmFtZT1zcF9hdGY&psc=1
,Soap Dispenser,"Clear Soap Dispenser with Rust Proof Pump, Waterproof Labels (2 Pack,16 Oz), Soap Dispenser Bathroom, Plastic Hand Soap/Dish Soap Dispenser for Kitchen",$9.99,TRUE,Always get plastic soap dispensers. Metal will always end up rusting.,https://www.amazon.com/dp/B09J24RW5F?psc=1&ref=ppx_yo2ov_dt_b_product_details
,Cleaning towels,Swedish Wholesale Swedish DishCloths for Kitchen- 10 Pack Reusable Paper Towels Washable - Eco Friendly Cellulose Sponge Microfiber Dish Cloths - Kitchen Essentials - Assorted,$18.75,TRUE,"These might look like a weird product but they are fantastic. I use them as kitchen rags to clean the counters, stove, everything. You can even use some for the bathroom but make sure to color code. They are easy to clean by hand and for a deep clean just toss them in the washing machine. They also last a very long time.",https://www.amazon.com/dp/B07GX6TRQX?ref_=cm_sw_r_apin_dp_W0A5HSKN77EMJKSMXAK9&peakEvent=4&dealEvent=1&language=en-US&th=1
,Sponges,"Scotch-Brite Zero Scratch Non-Scratch Scrub Sponges, Sponges for Cleaning Kitchen, Bathroom, and Household, non-scratch Sponges Safe for Non-Stick Cookware, 9 Scrubbing Sponges",$8.82,TRUE,Basic sponges.,https://www.amazon.com/Scotch-Brite-Non-Scratch-Sponge-Without-Scratching/dp/B0043P0GRA/ref=sr_1_2_sspa?crid=J4I1HUDUAB10&keywords=sponges&qid=1702133807&s=home-garden&sprefix=sponges%2Cgarden%2C132&sr=1-2-spons&sp_csd=d2lkZ2V0TmFtZT1zcF9hdGY&psc=1
,Peeler,OXO Swivel Peeler,$10.99,TRUE,OXO is a good standard when it comes to kitchen items. It is a bit bouggie and too expensive but its always the safe option.,https://www.target.com/p/oxo-swivel-peeler/-/A-13567836?ref=tgt_adv_xsp&AFID=google&fndsrc=tmnv&DFA=71700000106731582&CPNG=PLA_DVM%2Ba064R000011eJ33QAE-OXO_Google+Search_AO_2023-877871&adgroup=PLA_OXO&LID=700000001393753pgs&network=g&device=c&location=9028280&gad_source=1&gclid=CjwKCAiAvdCrBhBREiwAX6-6UsBFroH58KucWhZKkPSFnuX6RNaIra9kDJajmet-eijrgw850qBWfxoC_pwQAvD_BwE&gclsrc=aw.ds
,Blender,Ninja Detect Power Kitchen System Pro with BlendSense Technology - TB401,$129.99,FALSE,"Ninja is the main company in the industry. A premium brand would be vitamix. I decided to return my blender because when will I be even making hummus or smoothies anyways. If you are a big smoothie nut though, consider getting one.",https://www.target.com/p/ninja-detect-power-kitchen-system-pro-with-blendsense-technology-tb401/-/A-88952257?ref=tgt_adv_xsp&AFID=google&fndsrc=tmnv&DFA=71700000109808187&CPNG=PLA_DVM%2Ba064R000011e695QAA-Ninja_Google+Search_Campaign_2023-929955&adgroup=PLA_Ninja&LID=700000001393753pgs&network=g&device=c&location=9028280&gad_source=1&gclid=CjwKCAiAvdCrBhBREiwAX6-6UlIfEBLWpb7mgdAf0ipp2P8QrbvryonXz1jhEsPQI7xZHJ9043o6FhoCQ84QAvD_BwE&gclsrc=aw.ds
,Water filter,Brita Extra Large Ultramax 27 Cup Black Filtered Water Dispenser with 1 Elite Filter,$36.61,TRUE,"If you live in an area or apartment that does not have good or soft water, then a water filter is absolutely worth it.",https://www.walmart.com/ip/Brita-Extra-Large-Ultramax-27-Cup-Black-Filtered-Water-Dispenser-with-1-Elite-Filter/472423413?wmlspartner=wlpa&selectedSellerId=0&wl13=1185&adid=22222222277472423413_117755028669_12420145346&wmlspartner=wmtlabs&wl0=&wl1=g&wl2=c&wl3=501107745824&wl4=pla-306310554666&wl5=9028280&wl6=&wl7=&wl8=&wl9=pla&wl10=8175035&wl11=local&wl12=472423413&wl13=1185&veh=sem_LIA&gclsrc=aw.ds&&adid=22222222237472423413_117755028669_12420145346&wl0=&wl1=g&wl2=c&wl3=501107745824&wl4=pla-306310554666&wl5=9028280&wl6=&wl7=&wl8=&wl9=pla&wl10=8175035&wl11=local&wl12=472423413&veh=sem&gad_source=1&gclid=Cj0KCQiA4NWrBhD-ARIsAFCKwWt5jBzkTjFlhM0ePLn6_Iv0cl4zRc3N5N0vnnCEuQpCA9rgfQLUsXMaAlHeEALw_wcB
,Tea Kettle,SANQIAHOME 1200ml teapot with Infuser stainless steel Water Boilers Loose Leaf Tea Maker Water Kettle for Induction/Gas,$24.00,TRUE,These are best and definitely cheaper from authentic stores. I just put the link here in case.,https://www.amazon.com/SANQIAHOME-Infuser-stainless-Boilers-Induction/dp/B09W9VPLXJ/ref=sr_1_4?crid=1PRPMJ0F0MBDI&keywords=arab%2Btea%2Bkettle&qid=1702230736&sprefix=arab%2Btea%2Bkettle%2Caps%2C105&sr=8-4&th=1
,Pyrex mixing bowls,"Pyrex Mixing Bowl, Glass, 8-Piece",$24.97,TRUE,"These are fantastic for storing left over food, mixing meat, chicken, salads, etc.",https://www.walmart.com/ip/Pyrex-Mixing-Bowl-Glass-8-Piece/121837737?wmlspartner=wlpa&selectedSellerId=0&wl13=4554&adid=22222222277121837737_117755028669_12420145346&wmlspartner=wmtlabs&wl0=&wl1=g&wl2=c&wl3=501107745824&wl4=pla-306310554666&wl5=9028280&wl6=&wl7=&wl8=&wl9=pla&wl10=8175035&wl11=local&wl12=121837737&wl13=4554&veh=sem_LIA&gclsrc=aw.ds&&adid=22222222237121837737_117755028669_12420145346&wl0=&wl1=g&wl2=c&wl3=501107745824&wl4=pla-306310554666&wl5=9028280&wl6=&wl7=&wl8=&wl9=pla&wl10=8175035&wl11=local&wl12=121837737&veh=sem&gad_source=1&gclid=Cj0KCQiA4NWrBhD-ARIsAFCKwWtnBE21rRXNMapxpmRp5mxhOHW2up4FwxiLVnOH5g_YZQYMKj7AviwaAmHZEALw_wcB
,Mason Jars,"Ball Regular Mouth 16oz Pint Mason Jars with Lids & Bands, 12 Count",$12.97,TRUE,Mason Jars are great for Parfaits or oatmeal to take to work. Also work well as water cups or mugs or storing soup.,https://www.walmart.com/ip/Ball-Regular-Mouth-16oz-Pint-Mason-Jars-with-Lids-Bands-12-Count/14234955?wmlspartner=wlpa&selectedSellerId=0&wl13=4554&adid=2222222227714234955_117755028669_12420145346&wmlspartner=wmtlabs&wl0=&wl1=g&wl2=c&wl3=501107745824&wl4=pla-306310554666&wl5=9028280&wl6=&wl7=&wl8=&wl9=pla&wl10=8175035&wl11=local&wl12=14234955&wl13=4554&veh=sem_LIA&gclsrc=aw.ds&&adid=2222222223714234955_117755028669_12420145346&wl0=&wl1=g&wl2=c&wl3=501107745824&wl4=pla-306310554666&wl5=9028280&wl6=&wl7=&wl8=&wl9=pla&wl10=8175035&wl11=local&wl12=14234955&veh=sem&gad_source=1&gclid=Cj0KCQiA4NWrBhD-ARIsAFCKwWsiC-sbX4W4smIhE5YHFIMPrjXXVa7aeXBrLzMaPY69MR893agT7WoaAs0oEALw_wcB
,Plates,"Corelle Winter Frost White, Round Dinner Plate, Set of 6",$21.94,TRUE,Corelle is a very light yet sturdy ceramic like material. I highly recommend these specific plates.,https://www.walmart.com/ip/Corelle-Winter-Frost-White-Round-Dinner-Plate-Set-of-6/172774180?wmlspartner=wlpa&selectedSellerId=0&wl13=1185&adid=22222222277172774180_117755028669_12420145346&wmlspartner=wmtlabs&wl0=&wl1=g&wl2=c&wl3=501107745824&wl4=pla-306310554666&wl5=9028280&wl6=&wl7=&wl8=&wl9=pla&wl10=8175035&wl11=local&wl12=172774180&wl13=1185&veh=sem_LIA&gclsrc=aw.ds&&adid=22222222237172774180_117755028669_12420145346&wl0=&wl1=g&wl2=c&wl3=501107745824&wl4=pla-306310554666&wl5=9028280&wl6=&wl7=&wl8=&wl9=pla&wl10=8175035&wl11=local&wl12=172774180&veh=sem&gad_source=1&gclid=Cj0KCQiA4NWrBhD-ARIsAFCKwWv8ta7JYKvNkV_IO9Ke_uIUoj3esA2pwFasj-MpJnger5QxgPN_RhgaAq2kEALw_wcB
,Bowls,"Corelle Classic Winter Frost White, Soup Bowls, Set of 6",$24.99,TRUE,Same as the plates,https://www.walmart.com/ip/Corelle-Classic-Winter-Frost-White-Soup-Bowls-Set-of-6/43990671?wmlspartner=wlpa&selectedSellerId=0&&adid=2222222222743990671_146458997450_18486918631&wl0=&wl1=g&wl2=c&wl3=665552518920&wl4=aud-393207457166:pla-791457054907&wl5=9028280&wl6=&wl7=&wl8=&wl9=pla&wl10=8175035&wl11=online&wl12=43990671&veh=sem&gad_source=1&gclid=Cj0KCQiA4NWrBhD-ARIsAFCKwWvjnrkHpgtXqOiMk0rBui1HR4zdqLydLiSx9ohFDw21RY3OjO-88NcaAvnpEALw_wcB&gclsrc=aw.ds
,Cups,"Mainstays Ellendale Drinking Glasses, 16 Ounces, Set of 8",$9.94,TRUE,"I don't have particular recommendations, whatever you like the design of. Glass > Plastic",https://www.walmart.com/ip/Mainstays-Ellendale-Drinking-Glasses-16-Ounces-Set-of-8/330827188?wmlspartner=wlpa&selectedSellerId=0&wl13=3569&adid=22222222277330827188_117755028669_12420145346&wmlspartner=wmtlabs&wl0=&wl1=g&wl2=c&wl3=501107745824&wl4=pla-306310554666&wl5=9028280&wl6=&wl7=&wl8=&wl9=pla&wl10=8175035&wl11=local&wl12=330827188&wl13=3569&veh=sem_LIA&gclsrc=aw.ds&&adid=22222222237330827188_117755028669_12420145346&wl0=&wl1=g&wl2=c&wl3=501107745824&wl4=pla-306310554666&wl5=9028280&wl6=&wl7=&wl8=&wl9=pla&wl10=8175035&wl11=local&wl12=330827188&veh=sem&gad_source=1&gclid=Cj0KCQiA4NWrBhD-ARIsAFCKwWtyLYeDFQv02sjFkkxxiRf44fIkEqNJ07n1gHLCxREzGncjyEQaGBcaAjUHEALw_wcB
,Utensils,"Graze by Cambridge Cassis Mirror Forged Stainless Steel 20-piece Flatware Set, Service for 4",$29.98,TRUE,"Don't cheap out, get utensils with curved metal handles, not sharp corners.",https://www.walmart.com/ip/Graze-by-Cambridge-Cassis-Mirror-Forged-Stainless-Steel-20-piece-Flatware-Set-Service-for-4/416797736?wmlspartner=wlpa&selectedSellerId=0&wl13=1185&adid=22222222277416797736_117755028669_12420145346&wmlspartner=wmtlabs&wl0=&wl1=g&wl2=c&wl3=501107745824&wl4=pla-306310554666&wl5=9028280&wl6=&wl7=&wl8=&wl9=pla&wl10=8175035&wl11=local&wl12=416797736&wl13=1185&veh=sem_LIA&gclsrc=aw.ds&&adid=22222222237416797736_117755028669_12420145346&wl0=&wl1=g&wl2=c&wl3=501107745824&wl4=pla-306310554666&wl5=9028280&wl6=&wl7=&wl8=&wl9=pla&wl10=8175035&wl11=local&wl12=416797736&veh=sem&gad_source=1&gclid=Cj0KCQiA4NWrBhD-ARIsAFCKwWtwExQ-DcH2pv0RLqTVuUhGOho3VeqqDiD91Q3SZRWtCJ9iCk7hojIaAhXoEALw_wcB
,Dish Brush,KitchenAid Round Sink Brush with Black Rubber Handle,$7.97,TRUE,This is good for cleaning pots and pans before using the sponge. It helps keep the sponge from getting dirty.,https://www.walmart.com/ip/Kitchenaid-Non-Soap-Dispensing-Pot-and-Pan-Brush-with-Black-Rubber-Handle/112734159?wmlspartner=wlpa&selectedSellerId=0&wl13=1253&adid=22222222277112734159_117755028669_12420145346&wmlspartner=wmtlabs&wl0=&wl1=g&wl2=c&wl3=501107745824&wl4=pla-306310554666&wl5=9028280&wl6=&wl7=&wl8=&wl9=pla&wl10=8175035&wl11=local&wl12=112734159&wl13=1253&veh=sem_LIA&gclsrc=aw.ds&&adid=22222222237112734159_117755028669_12420145346&wl0=&wl1=g&wl2=c&wl3=501107745824&wl4=pla-306310554666&wl5=9028280&wl6=&wl7=&wl8=&wl9=pla&wl10=8175035&wl11=local&wl12=112734159&veh=sem&gad_source=1&gclid=CjwKCAiAg9urBhB_EiwAgw88mQs7MUBniHZR7KxYCAjGyFPlOuegxrcaYYQ-c21d078I7gC4DtV5QRoC-1MQAvD_BwE
,Food gloves,"Comfy Package Disposable Vinyl Gloves Food Grade Latex-Free Clear, 100-Pack Medium",$10.29,TRUE,Good for handling raw meat and chicken,https://www.walmart.com/ip/Comfy-Package-Disposable-Vinyl-Gloves-Food-Grade-Latex-Free-Clear-100-Pack-Medium/321922912?athbdg=L1600&adsRedirect=true
,Drying Rack pads,"Dish Drying Mat for Kitchen Counter, Microfiber Dish Drying Pad,Large Size Absorbent Dishes Drainer Mats",$9.49,TRUE,Put this under the drying rack or if needed for extra drying space when the drying rack fills up.,https://www.walmart.com/ip/Dish-Drying-Mat-for-Kitchen-Counter-Microfiber-Dish-Drying-Pad-Large-Size-Absorbent-Dishes-Drainer-Mats/1114601003?athbdg=L1700&adsRedirect=true
,Drying Rack,"7 code Large Dish Drying Rack for Kitchen Counter, Detachable Large Capacity Dish Drainer Organizer with Utensil Holder, 2-Tier Dish Drying Rack with Drain Board, Black",$29.99,TRUE,Something like this from amazon. Only necessary if you have a lot of dishes and the mats are not enough for you.,https://www.amazon.com/code-Kitchen-Detachable-Capacity-Organizer/dp/B0B3QTRP8X/ref=sr_1_20?crid=1PVA0PUQ4TKZ0&keywords=kitchen%2Bdrying%2Brack&qid=1702300953&s=home-garden&sprefix=kitchen%2Bdrying%2Brack%2Cgarden%2C110&sr=1-20&th=1
,Oil squirt bottles,"OXO Softworks Chef's Squeeze Plastic Bottle, Medium",$13.88,TRUE,Price is for 2 bottles. Use one for avocado oil and one for olive oil.,https://www.walmart.com/ip/OXO-Softworks-Chef-s-Squeeze-Plastic-Bottle-Medium/887099324?wmlspartner=wlpa&selectedSellerId=0&wl13=1185&adid=22222222277887099324_117755028669_12420145346&wmlspartner=wmtlabs&wl0=&wl1=g&wl2=c&wl3=501107745824&wl4=pla-306310554666&wl5=9028276&wl6=&wl7=&wl8=&wl9=pla&wl10=8175035&wl11=local&wl12=887099324&wl13=1185&veh=sem_LIA&gclsrc=aw.ds&&adid=22222222237887099324_117755028669_12420145346&wl0=&wl1=g&wl2=c&wl3=501107745824&wl4=pla-306310554666&wl5=9028276&wl6=&wl7=&wl8=&wl9=pla&wl10=8175035&wl11=local&wl12=887099324&veh=sem&gad_source=1&gclid=CjwKCAiAg9urBhB_EiwAgw88mcQAa0Y7GLE24cp_y2hETPiHqcMiyy0tkmKcKWZvUdv2klD1LhOkwBoCNDcQAvD_BwE
,water bottle,Hydro Flask Stainless Steel Standard Mouth Water Bottle with Flex Cap and Double-Wall Vacuum Insulation,$34.95,TRUE,"Good size for backpack holder. No metal taste, premium build.",https://www.amazon.com/Hydro-Flask-FBA_S24SX110-Standard-Bottle/dp/B01KXHGWQU/ref=sr_1_6?hvadid=267931995047&hvdev=c&hvlocphy=9028276&hvnetw=g&hvqmt=e&hvrand=3891554786193758867&hvtargid=kwd-458893948505&hydadcr=15433_9878375&keywords=hydro%2Bflask%2Bsport%2Bwater%2Bbottle&qid=1702305347&sr=8-6&th=1
,Coffe bottle,"Contigo Huron Vacuum-Insulated Stainless Steel Travel Mug with Leak-Proof Lid, Keeps Drinks Hot or Cold for Hours, Fits Most Cup Holders and Brewers, 20oz Sake",$17.79,TRUE,"Fits car cupholder, perfect for taking coffee to work.",https://www.amazon.com/Contigo-2094855-Snapseal-Insulated-Travel/dp/B083TJR8X9/ref=sr_1_2?crid=Q3BSA8JWAKNQ&keywords=contigo%2Bcoffee%2Bmug%2Bhuron&qid=1702305410&sprefix=contigo%2Bcoffee%2Bmug%2Bhuron%2Caps%2C115&sr=8-2&th=1
,Paper towel Holder,"Mainstays Paper Towel Holder, Silver",$2.43,TRUE,Very simple and cheap paper towel holder,https://www.walmart.com/ip/Mainstays-Paper-Towel-Holder-Silver/160672317?athbdg=L1600&from=/search
,Flexible Sink Caddy,"Mainstays Flexible Sink Caddy, Plastic, Black",$3.86,TRUE,Holds sponge and brush very well,https://www.walmart.com/ip/Mainstays-Flexible-Sink-Caddy-Plastic-Black/480104340
,Salt shaker,"Anchor Hocking Glass Salt & Pepper Shakers, 2 Piece Set",$2.34,TRUE,Very basic salt and pepper shakers.,https://www.walmart.com/ip/Anchor-Hocking-Glass-Salt-Pepper-Shakers-2-Piece-Set/17165151?wmlspartner=wlpa&selectedSellerId=0&wl13=1185&adid=2222222227717165151_117755028669_12420145346&wmlspartner=wmtlabs&wl0=&wl1=g&wl2=c&wl3=501107745824&wl4=pla-306310554666&wl5=9028276&wl6=&wl7=&wl8=&wl9=pla&wl10=8175035&wl11=local&wl12=17165151&wl13=1185&veh=sem_LIA&gclsrc=aw.ds&&adid=2222222223717165151_117755028669_12420145346&wl0=&wl1=g&wl2=c&wl3=501107745824&wl4=pla-306310554666&wl5=9028276&wl6=&wl7=&wl8=&wl9=pla&wl10=8175035&wl11=local&wl12=17165151&veh=sem&gad_source=1&gclid=CjwKCAiAg9urBhB_EiwAgw88mQbXVR0psah2YbI4z_k6Kvmq5mT6EsrEwkQPESDyOyV66MKc00Y9ORoCdHAQAvD_BwE
,Lemon Juicer,IMUSA USA Yellow Lemon Squeezer,$6.97,TRUE,I like the squeeze handle one,https://www.walmart.com/ip/IMUSA-USA-Yellow-Lemon-Squeezer/28490013?wmlspartner=wlpa&selectedSellerId=0&wl13=1253&adid=2222222227728490013_117755028669_12420145346&wmlspartner=wmtlabs&wl0=&wl1=g&wl2=c&wl3=501107745824&wl4=pla-306310554666&wl5=9028276&wl6=&wl7=&wl8=&wl9=pla&wl10=8175035&wl11=local&wl12=28490013&wl13=1253&veh=sem_LIA&gclsrc=aw.ds&&adid=2222222223728490013_117755028669_12420145346&wl0=&wl1=g&wl2=c&wl3=501107745824&wl4=pla-306310554666&wl5=9028276&wl6=&wl7=&wl8=&wl9=pla&wl10=8175035&wl11=local&wl12=28490013&veh=sem&gad_source=1&gclid=CjwKCAiAg9urBhB_EiwAgw88mcIOlSO93Gx7BGYqgY4wZdCrhqAySGoMeNj301xAtyB_70ku0idYURoCW2AQAvD_BwE
,3 wooden spoons,"OXO Softworks 3-Piece Wood Spoon Set, Brown",$11.94,TRUE,Good quality,https://www.walmart.com/ip/OXO-Softworks-3-Piece-Wood-Spoon-Set-Brown/559180887?wmlspartner=wlpa&selectedSellerId=0&wl13=1185&adid=22222222277559180887_117755028669_12420145346&wmlspartner=wmtlabs&wl0=&wl1=g&wl2=c&wl3=501107745824&wl4=pla-306310554666&wl5=9028276&wl6=&wl7=&wl8=&wl9=pla&wl10=8175035&wl11=local&wl12=559180887&wl13=1185&veh=sem_LIA&gclsrc=aw.ds&&adid=22222222237559180887_117755028669_12420145346&wl0=&wl1=g&wl2=c&wl3=501107745824&wl4=pla-306310554666&wl5=9028276&wl6=&wl7=&wl8=&wl9=pla&wl10=8175035&wl11=local&wl12=559180887&veh=sem&gad_source=1&gclid=CjwKCAiAg9urBhB_EiwAgw88maNfhr9YIby01l78nURl0ValHRlRFalmqH6YE42rGjxodPO5V8N-uRoCTNsQAvD_BwE
,silicone spatula,Farberware Professional Silicone Solid Red Spatula Set of 2,$8.70,TRUE,Great quality multipurpose spatulas,https://www.walmart.com/ip/Farberware-Professional-Silicone-Solid-Red-Spatula-Set-of-2/17813036?wmlspartner=wlpa&selectedSellerId=0&wl13=1253&adid=2222222227717813036_117755028669_12420145346&wmlspartner=wmtlabs&wl0=&wl1=g&wl2=c&wl3=501107745824&wl4=pla-306310554666&wl5=9028276&wl6=&wl7=&wl8=&wl9=pla&wl10=8175035&wl11=local&wl12=17813036&wl13=1253&veh=sem_LIA&gclsrc=aw.ds&&adid=2222222223717813036_117755028669_12420145346&wl0=&wl1=g&wl2=c&wl3=501107745824&wl4=pla-306310554666&wl5=9028276&wl6=&wl7=&wl8=&wl9=pla&wl10=8175035&wl11=local&wl12=17813036&veh=sem&gad_source=1&gclid=CjwKCAiAg9urBhB_EiwAgw88mdNOrCavsP9wxolwGa8MFUxQ7QfNKOuITloLKEf99C9ZMnznd03ZAhoCc5kQAvD_BwE
,Ladles and Turners,"Farberware Set of 3 Nylon Tools, Slotted Turner, Short Turner, Basting Spoon",$4.97,TRUE,Multipurpose uses,https://www.walmart.com/ip/Farberware-Set-of-3-Nylon-Tools-Slotted-Turner-Short-Turner-Basting-Spoon/538193429?wmlspartner=wlpa&selectedSellerId=0&wl13=4554&adid=22222222277538193429_117755028669_12420145346&wmlspartner=wmtlabs&wl0=&wl1=g&wl2=c&wl3=501107745824&wl4=pla-306310554666&wl5=9028276&wl6=&wl7=&wl8=&wl9=pla&wl10=8175035&wl11=local&wl12=538193429&wl13=4554&veh=sem_LIA&gclsrc=aw.ds&&adid=22222222237538193429_117755028669_12420145346&wl0=&wl1=g&wl2=c&wl3=501107745824&wl4=pla-306310554666&wl5=9028276&wl6=&wl7=&wl8=&wl9=pla&wl10=8175035&wl11=local&wl12=538193429&veh=sem&gad_source=1&gclid=CjwKCAiAg9urBhB_EiwAgw88mVS2zI5acyI6ToYnbfNbtzSpJcfJtDWhLuAnofde9XhJbfMR0oAMwxoCXHcQAvD_BwE
,Food thermometer,"ThermoPro TP19HW Waterproof Meat Thermometer with Magnet, LED Display and Stainless Steel Probe",$17.97,TRUE,Something like this for making sure chicken and meat reach proper internal temps,https://www.walmart.com/ip/ThermoPro-TP19HW-Waterproof-Meat-Thermometer-with-Magnet-LED-Display-and-Stainless-Steel-Probe/274602059?adsRedirect=true
,Dish Soap,"Dawn Ultra Dish Soap Dishwashing Liquid, Original Scent, 56 fl oz",$8.44,TRUE,For washing dishes,https://www.walmart.com/ip/Dawn-Ultra-Dish-Soap-Dishwashing-Liquid-Original-Scent-56-fl-oz-More-Options-Available/11045851?athbdg=L1103&from=/search
,Microfiber towels,"Mainstays Microfiber Assorted Solid Colors Dishcloths, 18 Piece",$4.88,TRUE,Multipurpose uses,https://www.walmart.com/ip/Mainstays-Microfiber-Assorted-Solid-Colors-Dishcloths-18-Piece/395859013?athbdg=L1600&from=/search
,Paper towel,"Bounty Select-a-Size Paper Towels, 12 Double Rolls, White",$22.18,TRUE,12 doubles are the best balance of thickness and quantity for the price,https://www.walmart.com/ip/Bounty-Select-a-Size-Paper-Towels-12-Double-Rolls-White/2101922242?athbdg=L1102&from=/search
,"12"" Tongs","OXO Softworks 12-inch Tongs with Nylon Head, Stainless Steel",$12.94,TRUE,Tongs for cooking,https://www.walmart.com/ip/OXO-Softworks-12-inch-Tongs-with-Nylon-Head-Stainless-Steel/21784209?wmlspartner=wlpa&selectedSellerId=0&wl13=1185&adid=2222222227721784209_117755028669_12420145346&wmlspartner=wmtlabs&wl0=&wl1=g&wl2=c&wl3=501107745824&wl4=pla-306310554666&wl5=9028276&wl6=&wl7=&wl8=&wl9=pla&wl10=8175035&wl11=local&wl12=21784209&wl13=1185&veh=sem_LIA&gclsrc=aw.ds&&adid=2222222223721784209_117755028669_12420145346&wl0=&wl1=g&wl2=c&wl3=501107745824&wl4=pla-306310554666&wl5=9028276&wl6=&wl7=&wl8=&wl9=pla&wl10=8175035&wl11=local&wl12=21784209&veh=sem&gad_source=1&gclid=CjwKCAiAg9urBhB_EiwAgw88mQk-DuKj5oc5scOnNRfXUWy3acIxPjbsxNW4HGwnVOCURFxt3jESAhoCI-wQAvD_BwE
,"10"" Tongs","OXO Softworks 9 inch Tongs with Nylon Head, Stainless Steel",$11.94,TRUE,Tongs for cooking,https://www.walmart.com/ip/OXO-Softworks-9-inch-Tongs-with-Nylon-Head-Stainless-Steel/23143026?wmlspartner=wlpa&selectedSellerId=0&wl13=1185&adid=2222222227723143026_117755028669_12420145346&wmlspartner=wmtlabs&wl0=&wl1=g&wl2=c&wl3=501107745824&wl4=pla-306310554666&wl5=9028276&wl6=&wl7=&wl8=&wl9=pla&wl10=8175035&wl11=local&wl12=23143026&wl13=1185&veh=sem_LIA&gclsrc=aw.ds&&adid=2222222223723143026_117755028669_12420145346&wl0=&wl1=g&wl2=c&wl3=501107745824&wl4=pla-306310554666&wl5=9028276&wl6=&wl7=&wl8=&wl9=pla&wl10=8175035&wl11=local&wl12=23143026&veh=sem&gad_source=1&gclid=CjwKCAiAg9urBhB_EiwAgw88mdH3qEmla7UdCmiotwNojMgSBroYXAoXppwS0ayqypfqSFa6ouVlihoC3tMQAvD_BwE
,Mesh Strainer,OXO SW 8IN/20CM FINE MESH STRAINER,$11.94,TRUE,For berries or rice,https://www.walmart.com/ip/OXO-SW-8IN-20CM-FINE-MESH-STRAINER/25475157?wmlspartner=wlpa&selectedSellerId=0&wl13=1185&adid=2222222227725475157_117755028669_12420145346&wmlspartner=wmtlabs&wl0=&wl1=g&wl2=c&wl3=501107745824&wl4=pla-306310554666&wl5=9028276&wl6=&wl7=&wl8=&wl9=pla&wl10=8175035&wl11=local&wl12=25475157&wl13=1185&veh=sem_LIA&gclsrc=aw.ds&&adid=2222222223725475157_117755028669_12420145346&wl0=&wl1=g&wl2=c&wl3=501107745824&wl4=pla-306310554666&wl5=9028276&wl6=&wl7=&wl8=&wl9=pla&wl10=8175035&wl11=local&wl12=25475157&veh=sem&gad_source=1&gclid=CjwKCAiAg9urBhB_EiwAgw88mdO-vormlQq6TH0yhTZVII_Uqhsn5EaliopjECcSJRm-oR5OfrSLsRoCvjAQAvD_BwE
,Pasta Strainer,PrepSolutions 5 Qt Stainless Steel Colander,$14.95,TRUE,For Pasta or other things,https://www.walmart.com/ip/PrepSolutions-5-Qt-Stainless-Steel-Colander/724529097?wmlspartner=wlpa&selectedSellerId=0&wl13=1253&adid=22222222277724529097_117755028669_12420145346&wmlspartner=wmtlabs&wl0=&wl1=g&wl2=c&wl3=501107745824&wl4=pla-306310554666&wl5=9028276&wl6=&wl7=&wl8=&wl9=pla&wl10=8175035&wl11=local&wl12=724529097&wl13=1253&veh=sem_LIA&gclsrc=aw.ds&&adid=22222222237724529097_117755028669_12420145346&wl0=&wl1=g&wl2=c&wl3=501107745824&wl4=pla-306310554666&wl5=9028276&wl6=&wl7=&wl8=&wl9=pla&wl10=8175035&wl11=local&wl12=724529097&veh=sem&gad_source=1&gclid=CjwKCAiAg9urBhB_EiwAgw88mcE9V46MXzdUkyKp9qqJQroICi1rnV1EFLUbE2w27TEr2JdUhPWTERoCCfQQAvD_BwE
,Dish washing gloves,"Great Value Latex Multipurpose Reusable Household Gloves, BPA-Free, Teal Color, Medium SIze",$1.74,FALSE,"Good for keeping hands safe while washing dishes, not really necessary though.",https://www.walmart.com/ip/Great-Value-Latex-Multipurpose-Reusable-Household-Gloves-BPA-Free-Teal-Color-Medium-SIze/161752759?athbdg=L1102&from=/search
,Can & Bottle opener,"Mainstays 2 Ply Manual Can Opener with Integrated Bottle Opener, Black",$2.97,TRUE,"Nothing fancy necessary, limited use, so cheaping out here is fine.",https://www.walmart.com/ip/Mainstays-2-Ply-Manual-Can-Opener-with-Integrated-Bottle-Opener-Black/1353663591?athbdg=L1200&from=/search
,Cabinet Liners,"EasyLiner Select Grip Shelf Liner, Taupe, 20 in. x 18 ft. Roll",$12.98,TRUE,Perforated cabinet liner to protect cabinets and keep items clean from dust and locking moisture,https://www.walmart.com/ip/EasyLiner-Select-Grip-Shelf-Liner-Taupe-20-in-x-18-ft-Roll/132413788?athbdg=L1600&from=/search
,Kitchen Scissors,"Cuisinart Classic 8"" All-Purpose Shears - C77-SHR8B",$5.99,TRUE,Neccessary for cutting food items,https://www.target.com/p/cuisinart-classic-8-34-all-purpose-shears-c77-shr8b/-/A-51803751?ref=tgt_adv_xsp&AFID=google_pla_df&fndsrc=tmnv&DFA=71700000115503998&CPNG=PLA_DVM%2Ba064R000011e3RBQAY-Conair_Cusinart_AO_GoogleSearch_2023-918787&adgroup=PLA_Conair&LID=700000001393753pgs&network=g&device=c&location=9028276&gad_source=1&gclid=CjwKCAiApuCrBhAuEiwA8VJ6JhT77nfiC6pnW-cWM8ePazk6A4X7hF-7khNDUEocSqizFHOGrTqaThoCOLYQAvD_BwE&gclsrc=aw.ds
,Oven Mitts,"12.5"" x 7"" Cosmic Rust Silicon Oven Mitt - Threshold™",$10.00,TRUE,Necessary for handling hot items while cooking. Any brand will do.,https://www.target.com/p/12-5-34-x-7-34-cosmic-rust-silicon-oven-mitt-threshold-8482/-/A-87389274#lnk=sametab
,Lunch containers,Pyrex MealBox 5.5 Cup Rectangular Glass Food Storage,$71.94,TRUE,"Two sections, perfect for taking to the office and meal prepping ahead of time. Price is for 6 of them.",https://www.target.com/p/pyrex-mealbox-5-5-cup-rectangular-glass-food-storage/-/A-79764900#lnk=sametab
,Kitchen Trash Can,"Rubbermaid Classic Step-On Trash Can with Lid, 13-Gallon, Black, Easy Clean Wastebasket for Home/Kitchen/Bedroom/Office",$43.10,TRUE,13 gallon size kitchen trash can is perfect for 1-2 people.,https://www.amazon.com/Rubbermaid-Step-Trash-13-gallon-Black/dp/B00OCEI9VC/ref=sr_1_6?crid=2A6LEDUY0IOO4&keywords=kitchen%2Btrash%2Bcan&qid=1702513029&sprefix=kitchen%2Btrash%2Bcan%2Caps%2C165&sr=8-6&th=1
,Kitchen Apron,"Waterproof Rubber Vinyl Apron W/ 2 Pockets - Lab Apron for DishWashing,Grooming Blue",$15.95,FALSE,Convenient so you don't need to change out of your current clothes if you don't want to stain them.,https://www.amazon.com/Waterproof-Rubber-Vinyl-Apron-Pockets/dp/B07R417FSQ/ref=asc_df_B07R417FSQ/?tag=&linkCode=df0&hvadid=343234074643&hvpos=&hvnetw=g&hvrand=13048404013012261946&hvpone=&hvptwo=&hvqmt=&hvdev=c&hvdvcmdl=&hvlocint=&hvlocphy=9028280&hvtargid=pla-738141164571&mcid=59829414ae9832f09545becc9c7ce742&ref=&adgrpid=72799152361&gclid=Cj0KCQiAyeWrBhDDARIsAGP1mWRcoMx1iMwCHi7m0mlz6mB4JzPtgvKJDxEtdcragf2TTQwYEMTkKIMaAqAmEALw_wcB&th=1
,Box grater,OXO Softworks Box Grater,$16.99,TRUE,Needed for making a variety of dishes.,https://www.target.com/p/oxo-softworks-box-grater/-/A-10488920?ref=tgt_adv_xsp&AFID=google&fndsrc=tmnv&DFA=71700000106731582&CPNG=PLA_DVM%2Ba064R000011eJ33QAE-OXO_Google+Search_AO_2023-877871&adgroup=PLA_OXO&LID=700000001393753pgs&network=g&device=c&location=9028276&gad_source=1&gclid=CjwKCAiA1fqrBhA1EiwAMU5m_wLhP_GvrwQB5zU4Dg5BAXZ_C_vfByS4u6HwbbHteDZKnEqALTlTDRoCqVEQAvD_BwE&gclsrc=aw.ds
,Measuring Spoons,OXO Measuring Cups and Spoons Set,$9.99,TRUE,Kitchen use,https://www.target.com/p/oxo-measuring-cups-and-spoons-set/-/A-13355791?ref=tgt_adv_xsp&AFID=google&fndsrc=tgtao&DFA=71700000012732784&CPNG=PLA_Kitchen%2BShopping_Local%7CKitchen_Ecomm_Home&adgroup=SC_Kitchen_Kitchen+Tools+%26+Gadgets&LID=700000001170770pgs&LNM=PRODUCT_GROUP&network=g&device=c&location=9028276&targetid=pla-1460122544369&ds_rl=1246978&ds_rl=1247068&gad_source=1&gclid=CjwKCAiA1fqrBhA1EiwAMU5m_zpzvn4eHvm_wYgOCF7wYYj3Ce_LjfbzPfWZHe71c2wbbk19Z5wYtRoCCa4QAvD_BwE&gclsrc=aw.ds
,Lighter,BIC Multi-Purpose Party Lighter,$3.39,FALSE,For lighting refreshing candles,https://www.target.com/p/bic-multi-purpose-party-lighter/-/A-52891900?ref=tgt_adv_xsp&AFID=google&fndsrc=tgtao&DFA=71700000012806747&CPNG=PLA_Seasonal%2BShopping_Local%7CSeasonal_Ecomm_Home&adgroup=SC_Seasonal_Cards/Party&LID=700000001170770pgs&LNM=PRODUCT_GROUP&network=g&device=c&location=9028276&targetid=aud-804645065956:pla-2007090751140&ds_rl=1246978&ds_rl=1247068&gad_source=1&gclid=CjwKCAiA1fqrBhA1EiwAMU5m_w9RagPQ2prY8hHrMuPEZ5yLY1xiUea25oRgX486VRYo4hUrteiB2hoCZs4QAvD_BwE&gclsrc=aw.ds
Home Office,,,,,,
,Autonomous AI desk,SmartDesk Core,$449.00,FALSE,Fantastic WFH desk. It goes up and down and is very sturdy.,https://www.autonomous.ai/standing-desks/smartdesk-2-home
,Surge Protector Power Strip,"Amazon Basics Rectangular 8-Outlet Power Strip Surge Protector, 4,500 Joule - 6-Foot Cord, Black/Green",$22.22,FALSE,4500 joule protection is very high. This is a premium quality surge protector,https://www.amazon.com/AmazonBasics-12-Outlet-Surge-Protector-8-Foot/dp/B07GFRKSXD/ref=asc_df_B07GPF72BZ/?tag=hyprod-20&linkCode=df0&hvadid=242168461154&hvpos=&hvnetw=g&hvrand=6183051809963744285&hvpone=&hvptwo=&hvqmt=&hvdev=c&hvdvcmdl=&hvlocint=&hvlocphy=9028276&hvtargid=pla-651050695333&mcid=18c489a83560386f85f2d1b18cd71f2f&gclid=CjwKCAiAg9urBhB_EiwAgw88mUo-4b7dqSmHLNKJAi2BiGZolvvU9AqIMoM18VJpNv0HdsQcGUaB8hoCzPkQAvD_BwE&th=1
,Monitor Stand,"HUANUO Dual Monitor Stand - Adjustable Spring Monitor Desk Mount Swivel Vesa Bracket with C Clamp, Grommet Mounting Base for 17 to 27 Inch Computer Screens - Each Arm Holds 4.4 to 14.3lbs",$59.99,FALSE,"This one is not bad but honestly you should get a higher quality one even if its more expensive. This one does work perfectly fine though, but I choose to never move my monitors because getting them back to being perfectly in place is hard.",https://www.amazon.com/HUANUO-Dual-Monitor-Stand-Adjustable/dp/B07T5SY43L/ref=sr_1_1_sspa?crid=13KFV2P7EHRRQ&keywords=huanuo+dual+monitor+stand&qid=1702301989&s=electronics&sprefix=huanuo+%2Celectronics%2C113&sr=1-1-spons&ufe=app_do%3Aamzn1.fos.17d9e15d-4e43-4581-b373-0e5c1a776d5d&sp_csd=d2lkZ2V0TmFtZT1zcF9hdGY&psc=1
,HP Monitors,"HP M27fw FHD Monitor 27"" FHD (1920 x 1080) 48-75 Hz",$334.36,FALSE,"I would never recommend HP. I do recommend two monitors though. Going forward get Display port so it can daisy chain, and usb c. Price is for two monitors.",https://www.walmart.com/ip/HP-M27fw-FHD-Monitor-27-FHD-1920-x-1080-48-75-Hz/557961178?wmlspartner=wlpa&selectedSellerId=0&&adid=22222222227557961178_153874299040_18606250692&wl0=&wl1=g&wl2=c&wl3=665912705890&wl4=aud-430887228898:pla-1417272165063&wl5=9028276&wl6=&wl7=&wl8=&wl9=pla&wl10=8175035&wl11=online&wl12=557961178&veh=sem&gad_source=1&gclid=CjwKCAiAg9urBhB_EiwAgw88mTBl0Mzp7Z4eIMDdkzwLO7EGBdDHRKv-mvuXS4rcm5XcLcZQ7EMLOhoCLlEQAvD_BwE&gclsrc=aw.ds
,Logitech Keyboard,Logitech - MX Keys Mini TKL Wireless Bluetooth Scissor Keyboard with Backlit Keys - Black,$89.99,FALSE,If the number pad is important to you consider buying that one instead. One of my favorite Keyboards. I also have a logi+ wirelress reciever to connect to my PC which has both Ubuntu and Windows on it.,https://www.bestbuy.com/site/logitech-mx-keys-mini-tkl-wireless-bluetooth-scissor-keyboard-with-backlit-keys-black/6478163.p?skuId=6478163
,Logitech Mouse,Logitech - MX Vertical Advanced Wireless Optical Ergonomic Mouse with USB and Bluetooth Connection - Graphite,$89.99,FALSE,I don't actually have this mouse yet buy I plan on buying it based on recommendations,https://www.bestbuy.com/site/logitech-mx-vertical-advanced-wireless-optical-ergonomic-mouse-with-usb-and-bluetooth-connection-graphite/6282602.p?skuId=6282602
,PC Build,My personal PC with Windows and Ubuntu installed,$721.33,FALSE,I have had this build for years and it is still working great,https://pcpartpicker.com/list/dmLdbL
,Macbook Pro,"Macbook Pro, 14-inch 2021: 1Tb storage, 16gb unified memory, Apple M1 Pro, 10 core cpu, 16 core gpu","$2,700.00",FALSE,I have been using this for 2 years now and it is the perfect machine.,
,HDMI cables,"Amazon Basics 2-Pack HDMI Cable, 18Gbps High-Speed, 4K@60Hz, 2160p, Ethernet Ready, 10 Foot, Black",$16.60,FALSE,"One for each monitor, to connect to PC",https://www.amazon.com/AmazonBasics-High-Speed-HDMI-Cable-2-Pack/dp/B014I8T4MO/ref=sr_1_1_ffob_sspa?crid=1OAGOWKZHIMZI&keywords=basics%2Bhdmi%2Bcable&qid=1702318683&sprefix=basics%2Bhdmi%2Bcable%2Caps%2C118&sr=8-1-spons&sp_csd=d2lkZ2V0TmFtZT1zcF9hdGY&th=1
,HDMI-usbc cables,"Amazon Basics Premium Aluminum USB-C to HDMI Cable Adapter (Thunderbolt 3 Compatible) 4K@60Hz, 6-Foot, Black",$43.02,FALSE,"One for each monitor, to connect to MacBook Pro",
,Backpack,Herschel Tech Daypack Mid-Volume,$100.00,FALSE,"Really good backpack, it is now cheaper than when I bought it.",https://herschel.com/shop/backpacks/tech-daypack-mid-volume?showSales=1&gad_source=1&gclid=CjwKCAiAg9urBhB_EiwAgw88mRBZu32iE5OR36dVV-c9CUBiUC19TI88kT1S14dWJjy1fu9D-fojUxoCxrEQAvD_BwE&v=10904-00001-OS
,iphone charger box for desk,"USB C GaN Charger 30W, Anker 511 Charger (Nano 3), PIQ 3.0 Foldable PPS Fast Charger for iPhone 15/15 Pro/14/14 Pro Max/13, Galaxy, iPad (Cable Not Included)-Phantom Black",,FALSE,Anker is always best,https://www.amazon.com/Anker-Charger-Foldable-iPhone-Included/dp/B0B2MLRF93/ref=sr_1_1?crid=357UC0IU2RY0V&keywords=anker+charger+phantom+black+usb+c&qid=1702318423&sprefix=anker+charger+phantom+black+usbc%2Caps%2C93&sr=8-1
,iphone charging cable,"Anker USB C to USB C Cable (240W 6ft), USB 2.0 Bio-Based Charging Cable for iPhone 15/15Pro,MacBook Pro 2020, iPad Pro 2020, iPad Air 4, Samsung Galaxy S23+/S23 Ultra/S22 Ultra (Phantom Black)",$18.99,FALSE,Anker is always best,https://www.amazon.com/Anker-Bio-Based-Charging-MacBook-Samsung/dp/B09ZL4N9DW/ref=sr_1_7?crid=357UC0IU2RY0V&keywords=anker%2Bcharger%2Bphantom%2Bblack%2Busb%2Bc&qid=1702318423&sprefix=anker%2Bcharger%2Bphantom%2Bblack%2Busbc%2Caps%2C93&sr=8-7&th=1
,Vaccum,Dyson V8 Absolute vacuum,$299.99,FALSE,Very good mini vaccum for small to medium size homes. Very easy to store,https://www.dyson.com/vacuum-cleaners/cordless/v8/absolute-hepa-silver?gclid=CjwKCAiAg9urBhB_EiwAgw88mW6vuF0o6ixafc-7-heshAXC6AGLRXBzneRn-i9J-C_KLaEb3Ed2pRoCEbgQAvD_BwE&utm_source=google&ef_id=CjwKCAiAg9urBhB_EiwAgw88mW6vuF0o6ixafc-7-heshAXC6AGLRXBzneRn-i9J-C_KLaEb3Ed2pRoCEbgQAvD_BwE:G:s
,Laptop Clamshell holder,"Vertical Laptop Stand Holder, OMOTON Desktop Aluminum Stand for MacBook with Adjustable Dock Size, Fits All MacBook, Surface, Chromebook and Gaming Laptops (Up to 17.3 inches), Black",$28.99,FALSE,"Holds up personal or work laptop, very clean look.",https://www.amazon.com/Vertical-Adjustable-OMOTON-Aluminum-Chromebook/dp/B0769G51R7/ref=sr_1_4?crid=2PBNAKUESHRAB&keywords=omoton%2Blaptop%2Bclamshell%2Bholder&qid=1702336390&sprefix=omoton%2Blaptop%2Bclamshell%2Bholde%2Caps%2C91&sr=8-4&th=1
,Wire tray,"2 Packs Cable Management Tray, 14 inches Under Desk Cable Holder for Wire Management, Heavy Metal Cable Wire Organizer for Desks, Offices, and Kitchens (Black)",$22.99,FALSE,For organizing wires under desk. Fits the surge protector I linked. It is a bit of a tight fit though.,https://www.amazon.com/gp/product/B08P6XLVKZ/ref=ppx_yo_dt_b_search_asin_title?ie=UTF8&th=1
,Wire clips,"SOULWIT 50Pcs Self Adhesive Cable Management Clips, Cable Organizers Wire Clips Cord Holder for TV PC Ethernet Cable under Desk Home Office (Black)",$12.95,FALSE,These are great for organizing wires against the desk table top from underneath or against the wall. Ideally the only cable that should dangle from the desk is the power cable.,https://www.amazon.com/gp/product/B07RQCXCR2/ref=ppx_yo_dt_b_search_asin_title?ie=UTF8&psc=1
,Screen Cleaner,"Screen Cleaner Spray (16oz) - Large Screen Cleaner Bottle - TV Screen Cleaner, Computer Screen Cleaner, for Laptop, Phone, Ipad - Computer Cleaning kit Electronic Cleaner - Microfiber Cloth Wipes",$16.47,FALSE,Good for cleaning screens,https://www.amazon.com/Screen-Cleaner-Spray-Electronic-Microfiber/dp/B082XJJ8DS/ref=sr_1_12_sspa?crid=1P9XSLCHA2SX9&keywords=screen%2Bcleaner&qid=1702337529&sprefix=screen%2Bcleaner%2Caps%2C159&sr=8-12-spons&sp_csd=d2lkZ2V0TmFtZT1zcF9tdGY&th=1
,Underdesk Walking treadmill,,$500.00,FALSE,Have not purchased one yet but this may be an essential,
,Desk Chair,HINOMI - BEYOND COMFORT H1 Pro Ergonomic Office Chair,$459.00,FALSE,I do not own a chair or use one when I work. However you may like to use one.,https://www.hinomi.co/products/hinomi-h1-pro-ergonomic-office-chair
Bedroom,,,,,,
,Bedsheets,400 Thread Count Solid Performance Sheet Set - Threshold™,$60.00,TRUE,This brand and type is supposed to be solid quality.,https://www.target.com/p/400-thread-count-solid-performance-sheet-set-threshold-153/-/A-51846287?preselect=14131702#lnk=sametab
,Pillows,"Mainstays Comfort Complete Bed Pillow, Standard/Queen",$3.44,TRUE,Cheap pillows are not that bad ,https://www.walmart.com/ip/Mainstays-Comfort-Complete-Bed-Pillow-Standard-Queen/744932389
Bathroom,,,,,,
,Hamper,"Collapsible Mesh Pop Up Laundry Hamper with Wide Opening and Side Pocket – Breathable, Sturdy, Foldable, and Space-Saving Design for Laundry Clothes and Storage. (Black)",$7.99,TRUE,To store dirty clothes in the bathroom,https://www.amazon.com/Mesh-Popup-Laundry-Hamper-Collapsible/dp/B00HZ0ION8/ref=sr_1_2_sspa?crid=37C1FDRW0L0B4&keywords=hamper&qid=1702301636&sprefix=hamp%2Caps%2C101&sr=8-2-spons&sp_csd=d2lkZ2V0TmFtZT1zcF9hdGY&th=1
,Water Pitcher,Fasmov Watering Can Plastic 4 Litre Lightweight Water Sprayer Watering Bottle for Garden Outdoor House Flower Bonsai Plant (Blue),$16.99,TRUE,For bathroom use,https://www.amazon.com/Fasmov-Plastic-Watering-1-Gallon-Blue/dp/B087RJ6MFT/ref=sr_1_8?crid=13FNJX6I090W4&keywords=fasmov+1+gallon+watering+can&qid=1702301561&sprefix=fasmov+1+gallon+watering+can%2Caps%2C92&sr=8-8
,Toilet wand,Clorox ToiletWand Disposable Toilet Bowl Brush Cleaner System,$11.99,TRUE,Absolutely fantastic product. Super easy to use and very clean to store. Cleans very well without getting anything dirty.,https://www.walmart.com/ip/Clorox-ToiletWand-Disposable-Toilet-Bowl-Brush-Cleaner-System/14898380?wmlspartner=wlpa&selectedSellerId=0&wl13=1253&adid=2222222227714898380_117755028669_12420145346&wmlspartner=wmtlabs&wl0=&wl1=g&wl2=c&wl3=501107745824&wl4=pla-306310554666&wl5=9028276&wl6=&wl7=&wl8=&wl9=pla&wl10=8175035&wl11=local&wl12=14898380&wl13=1253&veh=sem_LIA&gclsrc=aw.ds&&adid=2222222223714898380_117755028669_12420145346&wl0=&wl1=g&wl2=c&wl3=501107745824&wl4=pla-306310554666&wl5=9028276&wl6=&wl7=&wl8=&wl9=pla&wl10=8175035&wl11=local&wl12=14898380&veh=sem&gad_source=1&gclid=CjwKCAiAg9urBhB_EiwAgw88mfnnxDPItVCSxqsRRAyf-KetP-p6DdnwUc3kPywRPWZR30X0Os7uDRoCpxMQAvD_BwE
,Laundry Detergent,"Tide Free & Gentle Liquid Laundry Detergent, 100 Loads 146 fl oz",$19.97,TRUE,Sensitive skin laundry detergent,https://www.walmart.com/ip/Tide-Free-Gentle-Liquid-Laundry-Detergent-100-Loads-146-fl-oz/1272539418?wmlspartner=wlpa&selectedSellerId=0&wl13=1253&adid=222222222771272539418_117755028669_12420145346&wmlspartner=wmtlabs&wl0=&wl1=g&wl2=c&wl3=501107745824&wl4=pla-306310554666&wl5=9028276&wl6=&wl7=&wl8=&wl9=pla&wl10=8175035&wl11=local&wl12=1272539418&wl13=1253&veh=sem_LIA&gclsrc=aw.ds&&adid=222222222371272539418_117755028669_12420145346&wl0=&wl1=g&wl2=c&wl3=501107745824&wl4=pla-306310554666&wl5=9028276&wl6=&wl7=&wl8=&wl9=pla&wl10=8175035&wl11=local&wl12=1272539418&veh=sem&gad_source=1&gclid=CjwKCAiAg9urBhB_EiwAgw88mV2UZGyb1GQ9xa9cIr6DOP8hagH7Rxm04XgjqKU78RvGEHLCSG97iRoCSdcQAvD_BwE
,Toilet Paper,"Charmin Ultra Soft Toilet Paper 12 Mega Rolls, 224 Sheets per Roll, 2688 Total Sheets",$14.97,TRUE,Bathroom use,https://www.walmart.com/ip/Charmin-Ultra-Soft-Toilet-Paper-12-Mega-Rolls-224-Sheets-per-Roll-2688-Total-Sheets/3530765533?wmlspartner=wlpa&selectedSellerId=0&wl13=1253&adid=222222222773530765533_117755028669_12420145346&wmlspartner=wmtlabs&wl0=&wl1=g&wl2=c&wl3=501107745824&wl4=pla-306310554666&wl5=9028276&wl6=&wl7=&wl8=&wl9=pla&wl10=8175035&wl11=local&wl12=3530765533&wl13=1253&veh=sem_LIA&gclsrc=aw.ds&&adid=222222222373530765533_117755028669_12420145346&wl0=&wl1=g&wl2=c&wl3=501107745824&wl4=pla-306310554666&wl5=9028276&wl6=&wl7=&wl8=&wl9=pla&wl10=8175035&wl11=local&wl12=3530765533&veh=sem&gad_source=1&gclid=CjwKCAiAg9urBhB_EiwAgw88ma8cdocj_UY1Gt-pYpVyt3xKL4mhRlJQwPIHwZwp4Liw1zgf3cmdChoCXZgQAvD_BwE
,Clorox,"Clorox Disinfecting and Cleaning Wipes, Crisp Lemon and Fresh Scent, 75 Count Each, 3 Pack",$12.99,TRUE,Regular Clorox wipes,https://www.walmart.com/ip/Clorox-Disinfecting-and-Cleaning-Wipes-Crisp-Lemon-and-Fresh-Scent-75-Count-Each-3-Pack/14898365?wmlspartner=wlpa&selectedSellerId=0&wl13=1253&adid=2222222227714898365_117755028669_12420145346&wmlspartner=wmtlabs&wl0=&wl1=g&wl2=c&wl3=501107745824&wl4=pla-306310554666&wl5=9028276&wl6=&wl7=&wl8=&wl9=pla&wl10=8175035&wl11=local&wl12=14898365&wl13=1253&veh=sem_LIA&gclsrc=aw.ds&&adid=2222222223714898365_117755028669_12420145346&wl0=&wl1=g&wl2=c&wl3=501107745824&wl4=pla-306310554666&wl5=9028276&wl6=&wl7=&wl8=&wl9=pla&wl10=8175035&wl11=local&wl12=14898365&veh=sem&gad_source=1&gclid=CjwKCAiAg9urBhB_EiwAgw88mSBAfHlZAoq_Zv0KNM_UAhcZhQjJMTjY1Cu3Zup6-noEnrvrVwmi9BoC4lAQAvD_BwE
,Spray Bottle,"Great Value All Purpose Plastic Spray Bottle, 32 oz.",$1.18,TRUE,Regular spray bottle for cleaning with vinegar,https://www.walmart.com/ip/Great-Value-All-Purpose-Plastic-Spray-Bottle-32-oz/322410065?wmlspartner=wlpa&selectedSellerId=0&wl13=1253&adid=22222222277322410065_117755028669_12420145346&wmlspartner=wmtlabs&wl0=&wl1=g&wl2=c&wl3=501107745824&wl4=pla-306310554666&wl5=9028276&wl6=&wl7=&wl8=&wl9=pla&wl10=8175035&wl11=local&wl12=322410065&wl13=1253&veh=sem_LIA&gclsrc=aw.ds&&adid=22222222237322410065_117755028669_12420145346&wl0=&wl1=g&wl2=c&wl3=501107745824&wl4=pla-306310554666&wl5=9028276&wl6=&wl7=&wl8=&wl9=pla&wl10=8175035&wl11=local&wl12=322410065&veh=sem&gad_source=1&gclid=CjwKCAiAg9urBhB_EiwAgw88mZE5TCUHLV2crHHIkqXieO4kdqn0T_XD1eFFqYmnVP-hoVwoJEWazxoCqSMQAvD_BwE
,White Vinegar,"Great Value Distilled White Vinegar, 128 fl oz",$3.74,TRUE,For cleaning,https://www.walmart.com/ip/Great-Value-Distilled-White-Vinegar-128-fl-oz/10450998?wmlspartner=wlpa&selectedSellerId=0&wl13=1253&adid=2222222227710450998_117755028669_12420145346&wmlspartner=wmtlabs&wl0=&wl1=g&wl2=c&wl3=501107745824&wl4=pla-306310554666&wl5=9028276&wl6=&wl7=&wl8=&wl9=pla&wl10=8175035&wl11=local&wl12=10450998&wl13=1253&veh=sem_LIA&gclsrc=aw.ds&&adid=2222222223710450998_117755028669_12420145346&wl0=&wl1=g&wl2=c&wl3=501107745824&wl4=pla-306310554666&wl5=9028276&wl6=&wl7=&wl8=&wl9=pla&wl10=8175035&wl11=local&wl12=10450998&veh=sem&gad_source=1&gclid=CjwKCAiAg9urBhB_EiwAgw88ma7Jhb8NUHn9l9CORQYNS_nl9Ih2KIIooTxRN9fwvgOgKGrur07ocBoCLK4QAvD_BwE
,Shower shelves,Bathroom Shower Caddy - Made By Design™,$16.00,TRUE,Regular Shower caddy for shampoo and other things,https://www.target.com/p/bathroom-shower-caddy-black-made-by-design-8482/-/A-53806199?ref=tgt_adv_xsp&AFID=google&fndsrc=tgtao&DFA=71700000086347357&CPNG=PLA_Bath%2BShopping_Traffic%7CBath_Ecomm_Home&adgroup=SC_Bath+Storage/Org&LID=700000001170770pgs&LNM=PRODUCT_GROUP&network=g&device=c&location=9028276&targetid=pla-1678416897535&gad_source=1&gclid=CjwKCAiAg9urBhB_EiwAgw88maPO039OrMxzda5_sl50xdvE9KK0Ier-l7ZneiPXj4QiU1d2G2Ab4RoC13AQAvD_BwE&gclsrc=aw.ds
,Bathroom Trash Can,"Sterilite 3.4 Gal. Weave Wastebasket Plastic, Cement",$6.97,TRUE,"Trash cans with lids are less convenient, however may be necessary for some.",https://www.walmart.com/ip/Sterilite-3-4-Gal-Weave-Wastebasket-Plastic-Cement/724988109
,WaterPik,"Waterpik Cordless Advanced Water Flosser For Teeth, Gums, Braces, Dental Care With Travel Bag and 4 Tips, ADA Accepted, Rechargeable, Portable, and Waterproof, White WP-580",$89.17,FALSE,"I personally use this one, but there are many configurations. Great product, especially if you still have your wisdom teeth. Use in addition with flossing and brushing.",https://www.amazon.com/Waterpik-Cordless-Rechargeable-Portable-Irrigator/dp/B01GNVF8S8/ref=sr_1_5_pp?crid=1CLNX2ZS9K0NO&keywords=waterpik&qid=1702513286&sprefix=waterpik%2Caps%2C130&sr=8-5&th=1
,Shampoo,Head & Shoulders Classic Clean 2-in-1 Dandruff Shampoo + Conditioner,$11.49,TRUE,Any basic shampoo. ,https://www.target.com/p/head-shoulders-classic-clean-2-in-1-dandruff-shampoo-conditioner/-/A-46764108?preselect=13969196#lnk=sametab
,Soap bars,Dove Beauty Sensitive Skin Moisturizing Unscented Beauty Bar Soap,$14.99,TRUE,Any basic soap bars.,https://www.target.com/p/dove-beauty-sensitive-skin-moisturizing-unscented-beauty-bar-soap/-/A-84780835?preselect=52714318#lnk=sametab
,Face Wash,"CeraVe Face Wash, Hydrating Facial Cleanser for Normal to Dry Skin",$12.39,TRUE,Daily staple,https://www.target.com/p/cerave-hydrating-face-wash-with-hyaluronic-acid-and-glycerin-for-normal-to-dry-skin-8-fl-oz/-/A-76198439?ref=tgt_adv_xsp&AFID=google&fndsrc=tgtao&DFA=71700000012767058&CPNG=PLA_Beauty%2BPersonal+Care_Priority%2BShopping_Local%7CBeauty_Ecomm_Beauty&adgroup=Health%2BBeauty_Priority+TCINs&LID=700000001170770pgs&LNM=PRODUCT_GROUP&network=g&device=c&location=9028280&targetid=pla-351186094487&gad_source=1&gclid=Cj0KCQiAyeWrBhDDARIsAGP1mWRQSX3_7iyZWRXxw5hJAXfRS9We_EBB9EYuX5XJkWXfLFts_STRY78aArpqEALw_wcB&gclsrc=aw.ds
Tools,,,,,,
,Drill,"M18 18V Lithium-Ion Brushless Cordless Compact Drill/Impact Combo Kit (2-Tool) w/(2) 2.0 Ah Batteries, Charger & Bag",$99.99,FALSE,The one I linked is a bad deal but you can find 2 drills and 2 batteries for 100 bucks usually. You can also get the big ryobi set with many tools if you prefer. ,https://www.homedepot.com/p/Milwaukee-M18-18V-Lithium-Ion-Brushless-Cordless-Compact-Drill-Impact-Combo-Kit-2-Tool-w-2-2-0-Ah-Batteries-Charger-Bag-3692-22CT/325403100
,Drill bit set and impact,SHOCKWAVE IMPACT DUTY Titanium Twist Drill Bit Set (23-Piece),$34.97,FALSE,"Always go milwaukee for drill bits, never get ryboi",https://www.homedepot.com/p/Milwaukee-SHOCKWAVE-IMPACT-DUTY-Titanium-Twist-Drill-Bit-Set-23-Piece-48-89-4631/205879024
,Driver bit set,SHOCKWAVE Impact Duty Alloy Steel Screw Driver Bit Set (45-Piece),$26.97,FALSE,"Always go milwaukee for driver bits, never get ryboi",https://www.homedepot.com/p/Milwaukee-SHOCKWAVE-Impact-Duty-Alloy-Steel-Screw-Driver-Bit-Set-45-Piece-48-32-4023/301024184
,Measuring tape,Compact Auto Lock 25 ft. SAE Tape Measure with Fractional Scale and 9 ft. Standout,$17.97,FALSE,"Not bad quality, I don't like the auto lock tho",https://www.homedepot.com/p/Milwaukee-Compact-Auto-Lock-25-ft-SAE-Tape-Measure-with-Fractional-Scale-and-9-ft-Standout-48-22-6825/304616955
,Box cutter,FASTBACK Compact Folding Utility Knife with General Purpose Blade,$9.97,FALSE,Gets the job done,https://www.homedepot.com/p/Milwaukee-FASTBACK-Compact-Folding-Utility-Knife-with-General-Purpose-Blade-48-22-1500/309350776
,Screw drivers,14-In-1 Ratcheting Multi-Bit and 8-In-1 Ratcheting Compact Multi-bit Screwdriver Set (2-Piece),$34.97,FALSE,These are fantastic,https://www.homedepot.com/p/Milwaukee-14-In-1-Ratcheting-Multi-Bit-and-8-In-1-Ratcheting-Compact-Multi-bit-Screwdriver-Set-2-Piece-48-22-2905/321180837
Car,,,,,,
,Car tool set,Stanley Tools 94-248 65-Piece Homeowner's Tool Kit,$54.09,FALSE,I leave this tool set in a crate in my car for emergencies,https://www.target.com/p/stanley-tools-94-248-65-piece-homeowner-s-tool-kit/-/A-81316454?preselect=81316454&clkid=3c88390fNafc211ed860489e6afbd0b03&cpng=PTID4&im_rewards=1&lnm=81938&afid=Honey%20Science%20Corporation.&ref=tgt_adv_xasd0002
,Jumper cables,"Amazon Basics Jumper Cable for Car Battery, 10 Gauge, 12 Foot",$13.04,TRUE,Always keep jumper cables in case.,https://www.amazon.com/Amazonbasics-Jumper-Cable-Battery-Gauge/dp/B074DMCRNF/ref=sr_1_1_ffob_sspa?crid=2XOEPO59HC7Y5&keywords=jumper%2Bcables&qid=1702306626&sprefix=jumper%2Bcables%2Caps%2C116&sr=8-1-spons&sp_csd=d2lkZ2V0TmFtZT1zcF9hdGY&th=1
,First aid kit,"Johnson & Johnson All-Purpose Portable Compact First Aid Kit for Minor Cuts, Scrapes, Sprains & Burns, Ideal for Home, Car, Travel, Camping and Outdoor Emergencies, 160 pieces",$18.36,TRUE,Comes in handy if you ever get hurt when playing sports.,https://www.amazon.com/Johnson-All-Purpose-Portable-Compact-Emergency/dp/B09NWH8553/ref=sr_1_1_sspa?crid=WL5YSS4UKEQ9&keywords=first%2Baid%2Bkit&qid=1702306898&rdc=1&sprefix=first%2Baid%2Bkit%2Caps%2C120&sr=8-1-spons&sp_csd=d2lkZ2V0TmFtZT1zcF9hdGY&th=1
,Phone Holder,"Anker Magnetic Wireless Charger (MagGo), 613 Car Charging Mount with 2-Port USB Car Charger, 5 ft USB-C to USB-A Cable, Strong Magnetic Alignment for iPhone 15/15 Pro/15 Pro Max/14/14 Pro Max",$68.00,TRUE,"This is the one I have, doesn't seem to be sold anymore.",https://www.amazon.com/Anker-Magnetic-Wireless-Charging-Alignment/dp/B09B3914CC/ref=sr_1_1?crid=2K5WSG69QJ92O&keywords=anker+magsafe+charger+car&qid=1702315931&sprefix=anker+magsafe+charger+car%2Caps%2C118&sr=8-1
Total,,,"$7,660.23","$1,205.13",,